,lbda,hC,hpC,f,df,Up,dUp,F,dF
0,0.0,0.0,0.2434999999999999,0.0,0.0,152.39239485752142,0.15415042459008363,0.0,0.0
1,0.005,0.0012180273874999995,0.24368913499999992,0.3062483373062914,0.0003104352500911578,151.25781654078256,0.15375521234131734,0.7591764685694751,0.0007695556454498517
2,0.01,0.002436677199999999,0.24374977999999992,0.6100861557933488,0.0006200838461885806,150.00275693726692,0.15362032129310607,1.5123773645670209,0.0015371612094520692
3,0.015,0.0036553191374999986,0.2436867949999999,0.9112740174124525,0.0009292173120668693,148.6307529853139,0.1537534467815322,2.25900913135861,0.0023034897877764033
4,0.02,0.004873347199999998,0.24350503999999992,1.2095796041595825,0.0012381102489383705,147.14533002114055,0.15416039713229218,2.9984958625950737,0.0030692221050285387
5,0.025,0.006090179687499998,0.24320937499999992,1.5047777087470209,0.001547038072274355,145.55001623445725,0.1548447894405935,3.7302792790874055,0.003835040904327043
6,0.03,0.007305259199999997,0.24280465999999992,1.7966502575170225,0.0018562744675203573,143.84836020691432,0.1558077258755284,4.453818785608767,0.004601624640131023
7,0.035,0.008518052637499997,0.24229575499999992,2.0849863719282418,0.0021660885229372907,142.04395162995053,0.157047457095077,5.168591623316699,0.005369640370676456
8,0.04,0.009728051199999997,0.2416875199999999,2.3695824750388077,0.002476741501675003,140.14044519287302,0.1585590409983453,5.874093133720082,0.006139735756085229
9,0.045,0.010934770387499996,0.2409848149999999,2.650242449259011,0.0027884832222564446,138.14158749558914,0.16033400715616059,6.56983714974128,0.006912530085740938
10,0.05,0.012137749999999996,0.24019249999999992,2.9267778511890743,0.0031015480278615087,136.05124667255063,0.162360039804823,7.255356528289734,0.007688604286316717
11,0.055,0.013336554137499994,0.2393154349999999,3.1990081885304065,0.0034161503410294553,133.87344421680297,0.1646206951398415,7.930203836713059,0.008468489902073571
12,0.06,0.014530771199999995,0.2383584799999999,3.46676126280717,0.003732479822274951,131.61238827033029,0.1670951715605686,8.593952202389092,0.009252657093277569
13,0.065,0.015720013887499995,0.23732649499999992,3.7298735799151785,0.004050696178916243,129.2725074076782,0.1697581541530415,9.246196330458964,0.010041501767507961
14,0.07,0.016903919199999996,0.23622433999999992,3.988190828307294,0.004370923703855311,126.8584836969741,0.17257975660935373,9.886553689228146,0.01083533204152784
15,0.075,0.018082148437499994,0.23505687499999992,4.241568421936583,0.004693245662128158,124.37528359309975,0.17552558446135216,10.514665856099208,0.011634354325783523
16,0.08,0.019254387199999994,0.23382895999999992,4.489872101959389,0.005017698683887912,121.82818502302295,0.17855694243826925,11.130200009167886,0.0124386594248506
17,0.085,0.020420345387499993,0.2325454549999999,4.732978587743423,0.0053442673633084005,119.22279888706097,0.18163120549320028,11.73285054104415,0.01324820914834799
18,0.09,0.02157975719999999,0.2312112199999999,4.970776264073843,0.005672879300027882,116.56508314695868,0.1847023672773896,12.32234076240656,0.014062824018890006
19,0.095,0.022732381137499993,0.22983111499999992,5.203165887795432,0.006003400848848806,113.86134772530666,0.18772177151187666,12.898424653737848,0.014882172735774704
20,0.1,0.023877999999999993,0.22840999999999992,5.430061293705977,0.006335633859808445,111.118248619316,0.19063902105037736,13.460888615204281,0.01570576409375907
21,0.105,0.02501642088749999,0.2269527349999999,5.65139007658769,0.006669313689997367,108.3427699453932,0.19340304703544772,14.009553157382244,0.016532942054442428
22,0.11,0.02614747519999999,0.2254641799999999,5.86709422410423,0.007004108747057324,105.54219307812185,0.19596330735926512,14.544274470182762,0.01736288461461734
23,0.115,0.02727101863749999,0.2239491949999999,6.077130674156264,0.0073396217801070356,102.72405261322253,0.19827107086947984,15.064945804511982,0.018194607006419145
24,0.12,0.02838693119999999,0.2224126399999999,6.281471770392727,0.007675393067049614,99.89607953951325,0.20028073280133873,15.571498601464022,0.019026969598524093
25,0.125,0.02949511718749999,0.2208593749999999,6.480105591056043,0.008010905560474596,97.06613270710119,0.20195109915178822,16.06390330751413,0.019858690652619373
26,0.13,0.030595505199999987,0.2192942599999999,6.673036129239385,0.008345591952950242,94.24212037497244,0.2032465743235353,16.5421698213687,0.020688363837959144
27,0.135,0.031688048137499994,0.21772215499999992,6.86028330688451,0.008678843513969206,91.4319142527419,0.20413818813619586,17.006347528665287,0.021514480137773077
28,0.14,0.032772723199999985,0.2161479199999999,7.041882810258086,0.009010020444272593,88.64325896174273,0.20460440545690659,17.456524894125515,0.022335453517190792
29,0.145,0.033849531887499985,0.2145764149999999,7.217885740919957,0.009338463398362255,85.88368018143738,0.20463167383276457,17.892828596320385,0.023149649487054735
30,0.15,0.03491849999999999,0.2130124999999999,7.388358082959309,0.009663505751658497,83.16039488431241,0.2042146805879065,18.31542220697162,0.023955415513676963
31,0.155,0.035979677637499985,0.2114610349999999,7.553379994092907,0.009984486142039983,80.48022698136951,0.203356309353723,18.724504433614673,0.024751112108777663
32,0.16,0.03703313919999999,0.20992687999999993,7.713044934659926,0.010300760800692614,77.84953140748382,0.20206730511428359,19.120306960414332,0.0255351433971297
33,0.165,0.03807898338749999,0.2084148949999999,7.867458654202604,0.010611715205234013,75.27412919834251,0.20036567470853323,19.503091935941704,0.026305986004153424
34,0.17,0.039117333199999986,0.20692993999999992,8.016738059866036,0.010916774636547073,72.75925549213144,0.19827586468610447,19.873149167985936,0.027062215225853444
35,0.175,0.04014833593749999,0.20547687499999992,8.161009994046903,0.011215413294267389,70.30952168460229,0.19582776923380976,20.23079309339793,0.027802527625720243
36,0.18,0.04117216319999998,0.20406055999999992,8.300409950461816,0.011507161716942868,67.92889223477675,0.19305562689629227,20.576359595278944,0.028525759428987035
37,0.185,0.04218901088749998,0.20268585499999991,8.435080758092376,0.011791612352940628,65.62067591697033,0.18999686591767145,20.910202740536953,0.02923090033266855
38,0.19,0.04319909919999999,0.2013576199999999,8.565171261405348,0.012068423228640818,63.38753069129469,0.18669095467581676,21.23269150820916,0.029917102598855928
39,0.195,0.04420267263749998,0.2000807149999999,8.69083502304262,0.01233731975370774,61.231480854980234,0.1831783067239158,21.544206573486154,0.030583685529906233
40,0.2,0.04519999999999998,0.19885999999999993,8.81222907207465,0.012598094783287533,59.15394476208057,0.17949928049620528,21.845137204686004,0.03123013562262783
41,0.205,0.04619137438749998,0.19770033499999992,8.929512717199245,0.012850607119894894,57.155771166070984,0.1756933029539324,22.135878321225007,0.03185610285452197
42,0.21,0.04717711319999998,0.19660657999999992,9.042846440223505,0.013094778681684106,55.23728214267288,0.1717981354449031,22.416827750607005,0.032461393664048335
43,0.215,0.04815755813749998,0.19558359499999994,9.152390881051051,0.013330590588792178,53.398320573103724,0.16784928974224067,22.688383712250317,0.03304596124883783
44,0.22,0.04913307519999998,0.1946362399999999,9.258305921430706,0.013558078427108076,51.6383002886141,0.16387959328294588,22.950942546140084,0.03360989382478008
45,0.225,0.05010405468749998,0.1937693749999999,9.360749871076658,0.013777326941804002,49.95625717027446,0.15991889544751225,23.204896695255147,0.03415340147151543
46,0.23,0.051070911199999985,0.19298785999999993,9.459878756565058,0.013988464394523963,48.350899737980654,0.1559939014645247,23.450632942773268,0.034676802144147915
47,0.235,0.05203408363749998,0.19229655499999992,9.55584571071924,0.014191656791666387,46.82065802610282,0.15212811714332072,23.688530898383306,0.03518050736540589
48,0.24,0.05299403519999998,0.19170031999999992,9.648800458040093,0.014387102159966192,45.36372981028029,0.148341885940923,23.91896172268925,0.03566500803505593
49,0.245,0.053951253387499974,0.19120401499999992,9.738888890110877,0.014575025012393949,43.97812350501251,0.14465249957493195,24.142287074656977,0.03613086071110464
50,0.25,0.054906249999999976,0.19081249999999994,9.826252723774001,0.014755671114565105,42.661697283858885,0.14107436418102445,24.358858264249193,0.0365786746359521
51,0.255,0.05585956113749998,0.19053063499999995,9.911029234180468,0.014929302631062291,41.41219417644466,0.13761920556263477,24.569015590666464,0.037009099704333324
52,0.26,0.05681174719999998,0.1903632799999999,9.993351054495557,0.015096193703509248,40.22727306566385,0.1342962991008472,24.77308784582622,0.03742281550155359
53,0.265,0.05776339288749997,0.19031529499999994,10.073346034030086,0.015256626488517604,39.104535644182505,0.13111271213994105,24.97139196267624,0.03782052148172874
54,0.27,0.058715107199999984,0.19039153999999994,10.15113714679749,0.01541088766402988,38.04154949307048,0.1280735489459068,25.164232788511587,0.03820292830715963
55,0.275,0.05966752343749998,0.19059687499999994,10.226842442903735,0.015559265397029136,37.03586752031199,0.1251821905121314,25.351902964472295,0.0385707503314146
56,0.28,0.06062129919999998,0.19093615999999997,10.300575035712074,0.01570204675381334,36.0850440467371,0.12244052346547118,25.534682893725336,0.03892469917951097
57,0.285,0.06157711638749998,0.1914142549999999,10.372443118336145,0.015839515525622554,35.18664785583135,0.11984915405470216,25.712840782350323,0.039265478357738234
58,0.29,0.06253568119999997,0.19203601999999992,10.442550003668268,0.015971950436876277,34.33827253591135,0.1174076046601203,25.88663273856792,0.039593778811955416
59,0.295,0.06349772413749996,0.19280631499999992,10.5109941828127,0.016099623700135932,33.53754444217844,0.11511449144960824,26.056302917593374,0.03991027534540521
60,0.3,0.06446399999999998,0.1937299999999999,10.57786939744563,0.016222799880667077,32.782128595498385,0.11296768273983365,26.222083701013844,0.04021562380401247
61,0.305,0.06543528788749997,0.19481193499999994,10.643264722245446,0.0163417350336863,32.06973281736684,0.1109644383277969,26.38419590112948,0.04051045893765631
62,0.31,0.06641239119999998,0.1960569799999999,10.707264654119642,0.01645667607867424,31.398110378738135,0.109101530569226,26.54284898214309,0.040795392849119004
63,0.315,0.06739613763749998,0.19746999499999995,10.769949205490692,0.01656786037716157,30.76506141616222,0.1073753483284258,26.698241291411826,0.04107101394743558
64,0.32,0.06838737919999997,0.19905583999999998,10.831393999389133,0.016675515482908597,30.1684333434429,0.10578198514059281,26.85056029517884,0.04133788632859976
65,0.325,0.06938699218749997,0.20081937499999994,10.891670364536553,0.016779859036154594,29.606120461913576,0.10431731304058274,26.999982814279917,0.041596549513412615
66,0.33,0.07039587719999997,0.2027654599999999,10.950845428986643,0.016881098776484558,29.076062948165493,0.1029770435469847,27.14667525627564,0.0418475184793787
67,0.335,0.07141495913749998,0.204898955,11.008982211229728,0.016979432651688286,28.576245375210643,0.10175677726803342,27.2907938412956,0.04209128393056302
68,0.34,0.07244518719999998,0.20722471999999992,11.066139707958742,0.017075049002706153,28.10469490190581,0.1006520435342646,27.432484819606465,0.042328312756063705
69,0.345,0.07348753488749996,0.20974761499999994,11.122372977947613,0.017168126807312983,27.659479246158856,0.09965833137571377,27.571884679542904,0.04255904863409375
70,0.35,0.07454299999999997,0.21247249999999995,11.17773322170725,0.01725883596753306,27.238704540050694,0.0987711130600072,27.70912034497136,0.042783912744470645
71,0.355,0.07561260463749997,0.2154042349999999,11.232267856766983,0.01734733762790418,26.840513149459206,0.09798586130020692,27.844309361909485,0.04300330455757912
72,0.36,0.07669739519999996,0.21854767999999988,11.286020588581323,0.01743378451361606,26.46308152699667,0.09729806113396747,27.977560074300975,0.043217602672601815
73,0.365,0.07779844238749997,0.22190769499999993,11.339031477188252,0.0175183212792291,26.10461815493022,0.09670321737260053,28.10897178925859,0.043427165681978123
74,0.37,0.07891684119999996,0.22548913999999995,11.391336999848711,0.017601084860164172,25.763361624086006,0.09619685842316843,28.238634932344763,0.04363233304273218
75,0.375,0.08005371093749997,0.22929687499999993,11.442970109979989,0.017682204820446912,25.43757888540921,0.09577453720017953,28.36663119366493,0.043833425938516135
76,0.38,0.08121019519999997,0.23333575999999998,11.493960292761152,0.017761803691316462,25.12556370268601,0.09543182976692818,28.493033665711003,0.044030748119006625
77,0.385,0.08238746188749997,0.237610655,11.544333617839142,0.017839997296294128,24.825635327799354,0.09516433228003057,28.617906974017533,0.044224586705735966
78,0.39,0.08358670319999997,0.2421264199999999,11.594112789600421,0.017916895059157854,24.5361374136398,0.0949676567539624,28.741307401782944,0.0444152129555477
79,0.395,0.08480913563749996,0.24688791499999996,11.643317195498218,0.01799260029202107,24.255437174312704,0.0948374261146404,28.863283009670695,0.04460288297473165
80,0.4,0.08605599999999997,0.2519,11.691962952939775,0.01806721046137945,23.98192479744455,0.09476926897126896,28.983873752040775,0.04478783837854243
81,0.405,0.08732856138749998,0.2571675349999999,11.740062955243195,0.018140817430578517,23.714013109122412,0.09475881450250553,29.10311159087473,0.044970306892266186
82,0.41,0.08862810919999996,0.2626953799999999,11.787626917170783,0.018213507677699893,23.45013748818125,0.09480168782503676,29.221020608650864,0.04515050289135125
83,0.415,0.08995595713749996,0.26848839499999994,11.834661420535708,0.018285362488362288,23.188756023141032,0.09489350618827831,29.337617121401202,0.045328627879353545
84,0.42,0.09131344319999996,0.27455144,11.881169960361797,0.01835645812340009,22.928349902009664,0.09502987631635977,29.45290979313963,0.045504870903604555
85,0.425,0.09270192968749996,0.280889375,11.927152992054163,0.018426865961839012,22.66742402235274,0.09520639319619527,29.566899752795848,0.045679408909641825
86,0.43,0.09412280319999997,0.2875070599999999,11.972607980009817,0.018496652620018074,22.404507806456998,0.09541864058612538,29.67958071471901,0.045852407036507274
87,0.435,0.09557747463749995,0.29440935499999993,12.017529448064785,0.018565880048139458,22.138156204025684,0.09566219349189276,29.79093910373393,0.04602401885609007
88,0.44,0.09706737919999997,0.3016011199999999,12.061909032136281,0.018634605605943388,21.86695086263428,0.09593262282340743,29.900954185638795,0.046194386560721466
89,0.445,0.09859397638749996,0.3090872150000001,12.105735535376656,0.018702882119616092,21.589501444101717,0.09622550240564794,30.009598203929414,0.046363641104247164
90,0.45,0.10015874999999995,0.31687249999999995,12.148994986109816,0.018770757922443076,21.304447063008247,0.09653641846836418,30.11683652342112,0.046531902302805024
91,0.455,0.10176320813749996,0.32496183500000003,12.191670698770883,0.018838276882092223,21.010457821796336,0.09686098168124258,30.222627781315566,0.046699278902458716
92,0.46,0.10340888319999997,0.33336008,12.23374333801681,0.018905478417773448,20.70623641524254,0.0971948417332038,30.32692404612818,0.04686586862173576
93,0.465,0.10509733188749999,0.34207209499999996,12.275190986119151,0.018972397510836143,20.390519775603888,0.09753370437657821,30.429670984751965,0.04703175817789814
94,0.47,0.10683013519999995,0.35110273999999986,12.315989213690958,0.019039064712636906,20.062080728454838,0.09787335076992108,30.530808037786414,0.04719702330644607
95,0.475,0.10860889843749995,0.3604568749999999,12.356111153738215,0.019105506153713762,19.71972962817657,0.098209658858928,30.630268603107847,0.047361728783860454
96,0.48,0.11043525119999996,0.3701393599999999,12.395527578962842,0.01917174355843251,19.36231594129792,0.09853862643580825,30.727980227500233,0.04752592846391061
97,0.485,0.11231084738749995,0.380155055,12.434206982179624,0.019237794269308283,18.988729745482395,0.0988563954174878,30.8238648060053,0.047689665337946344
98,0.49,0.11423736519999995,0.39050882,12.472115659644393,0.01930367128512553,18.597903111978574,0.09915927678645597,30.91783878848952,0.04785297162939574
99,0.495,0.11621650713749995,0.401205515,12.509217797026377,0.01936938331680218,18.188811339878594,0.09944377555080289,31.009813392765864,0.048015868932250017
100,0.5,0.11824999999999997,0.41225,12.545475557694836,0.019434934864611585,17.760474011651915,0.09970661500771677,31.09969482345258,0.04817836840249347
101,0.505,0.12033959488749996,0.42364713500000006,12.580849172929991,0.01950032631993307,17.311955841202714,0.09994475954413438,31.187384495602217,0.04834047101033859
102,0.51,0.12248706719999995,0.43540178000000007,12.615297033613048,0.019565554094113095,16.84236728821812,0.1001554351853334,31.272779261997247,0.04850216785966748
103,0.515,0.12469421663749997,0.447518795,12.64877578289996,0.019630610776312164,16.350864915870847,0.10033614711275819,31.355771642884335,0.04866344057932748
104,0.52,0.12696286719999997,0.46000304000000003,12.681240409341699,0.019695485321386604,15.836651473050004,0.1004846934202965,31.436250056815496,0.04882426178888201
105,0.525,0.1292948671875,0.4728593750000002,12.712644339880363,0.01976016326794624,15.298975687189976,0.1005991744662349,31.514099051181464,0.04898459563916627
106,0.53,0.13169208919999997,0.48609266000000007,12.742939532128167,0.019824626985749907,14.737131759432422,0.10067799730597851,31.589199530967313,0.049144398425569974
107,0.535,0.1341564301375,0.4997077550000001,12.772076565325737,0.01988885595059798,14.150458560171064,0.10071987485567462,31.661428984234185,0.049303619269484185
108,0.54,0.13668981119999998,0.5137095200000001,12.800004729379205,0.01995282704389096,13.538338529869385,0.10072381963323106,31.73066170283842,0.04946220086089417
109,0.545,0.13929417788749995,0.5281028150000002,12.826672111392622,0.0200165148730814,12.900196297228128,0.10068913214214285,31.796768996941672,0.04962008025276593
110,0.55,0.14197149999999997,0.5428925000000002,12.852025679143802,0.02007989210841288,12.235497034061744,0.10061538419360894,31.85961940194396,0.049777189695807675
111,0.555,0.14472377163750003,0.5580834350000002,12.876011360998188,0.02014292983063614,11.543744573381481,0.1005023976903791,31.919078876586696,0.04993345750044314
112,0.56,0.14755301119999997,0.5736804800000004,12.898574121815463,0.020205597883879912,10.82447932385098,0.10035021960721781,31.975010991121916,0.05008880891156329
113,0.565,0.15046126138749993,0.5896884949999999,12.91965803447673,0.02026786522754195,10.077276019704058,0.10015909408379632,32.027277104625085,0.050243166980848956
114,0.57,0.15345058919999993,0.6061123399999997,12.939206346743955,0.020329700280985262,9.301741350053767,0.09992943268331891,32.07573653073679,0.050396453421258106
115,0.575,0.15652308593749992,0.622956875,12.957161543255816,0.02039107125499959,8.497511515024698,0.0996617839544493,32.12024669134776,0.050548589428704466
116,0.58,0.15968086719999997,0.6402269599999998,12.973465402561892,0.020451946464379703,7.664249758043134,0.099356803458368,32.160663257984204,0.05069949645692582
117,0.585,0.16292607288749994,0.657927455,12.988059049197192,0.020512294616607026,6.8016439237485,0.099015225385296,32.196840280898314,0.05084909693311326
118,0.59,0.16626086719999994,0.6760632199999999,13.000883000897197,0.020572085072440023,5.909404089246095,0.09863783678779134,32.22863030611232,0.05099731490390359
119,0.595,0.16968743863749994,0.6946391149999999,13.011877211146633,0.020631288075200104,4.987260312777096,0.09822545530858333,32.25588448089509,0.05114407660376926
120,0.6,0.17320799999999997,0.7136599999999999,13.020981107338775,0.020689874946628505,4.034960538439606,0.09777891108898523,32.27845264835737,0.05128931094053911
121,0.605,0.1768247883874999,0.733130735,13.028133624893202,0.02074781824833766,3.0522686885214583,0.09729903332314711,32.29618343202827,0.05143294989562939
122,0.61,0.18054006519999993,0.7530561800000001,13.033273237735246,0.020805091909025655,2.038962966601133,0.09678664168794086,32.30892431141249,0.05157492883940296
123,0.615,0.18435611613749997,0.7734411950000002,13.036337985577815,0.020861671318719993,0.994834385194352,0.09624254264236054,32.316521689620785,0.051715186764795494
124,0.62,0.18827525119999994,0.7942906399999999,13.037265498464025,0.02091753339230999,-0.0803144781937064,0.09566753036719383,32.3188209542101,0.051853666444809585
125,0.625,0.19229980468749996,0.815609375,13.035993019026881,0.020972656605463158,-1.1866705027200055,0.0950623919161709,32.31566653236437,0.051990314521549896
126,0.63,0.19643213519999997,0.8374022600000003,13.032457422900075,0.021027021006697476,-2.3244108392061307,0.09442791598232705,32.306901941491994,0.052125081536149837
127,0.635,0.20067462563749994,0.8596741550000004,13.026595237673634,0.021080608209825106,-3.493703542755526,0.09376490455297953,32.292369836216075,0.052257921910039806
128,0.64,0.20502968319999995,0.8824299200000004,13.018342660731538,0.021133401371238893,-4.694708054512596,0.09307418663643971,32.27191205259313,0.05238879388864145
129,0.645,0.20949973938749994,0.9056744150000002,13.007635576239004,0.021185385156529846,-5.927575569632069,0.09235663319344849,32.245369650223815,0.05251765945861379
130,0.65,0.21408725,0.9294125000000001,12.99440957146837,0.021236545700746103,-7.192449332085239,0.0916131723948556,32.2125829527241,0.05264448424933697
131,0.655,0.21879469513750005,0.953649035,12.978599952568835,0.02128687056624993,-8.489464898338618,0.09084480435153028,32.173391586817765,0.05276923742844147
132,0.66,0.22362457919999998,0.9783888800000001,12.960141759800884,0.021336348701603544,-9.818750411177767,0.09005261451910943,32.12763452010189,0.052891891599887934
133,0.665,0.22857943088749996,1.0036368950000005,12.938969782175542,0.021384970404290327,-11.180426922101645,0.0892377850650173,32.075150097336966,0.05301242271155457
134,0.67,0.23366180320000002,1.0293979400000004,12.9150185713656,0.021432727289360673,-12.574608795985561,0.08840160359363879,32.01577607493217,0.05313080997751163
135,0.675,0.2388742734375,1.0556768750000003,12.888222454694018,0.021479612265350636,-14.001404225426384,0.08754546875313698,31.94934965314311,0.05324703581832468
136,0.68,0.24421944320000005,1.0824785600000002,12.858515546956873,0.02152561951807131,-15.46091587471512,0.08667089238910732,31.875707505380365,0.053361085820869285
137,0.685,0.24969993838749996,1.1098078550000003,12.825831760806103,0.021570744502165895,-16.953241665184976,0.08577949806105595,31.794685803947893,0.053472948717401256
138,0.69,0.2553184091999998,1.1376696199999998,12.790104815402195,0.021614983939698965,-18.47847570521423,0.08487301589213563,31.706120241492652,0.05358261638205951
139,0.695,0.2610775301374999,1.166068715,12.751268243048736,0.021658335824515037,-20.036709359883524,0.08395327387509006,31.609846047451384,0.05369008384167082
140,0.7,0.26697999999999994,1.19501,12.709255393538646,0.021700799430672928,-21.628032447618054,0.08302218590228137,31.50569799882472,0.053795349296658204
141,0.705,0.2730285418874999,1.2244983349999998,12.663999435974603,0.02174237532300289,-23.25253454444411,0.08208173691963974,31.393510424689946,0.05389841414721155
142,0.71,0.27922590319999996,1.2545385799999995,12.615433357870716,0.021783065367654293,-24.910306371060017,0.08113396571803345,31.273117203974095,0.053999283019434983
143,0.715,0.2855748556374999,1.2851355949999999,12.563489961396918,0.021822872740493604,-26.60144123393473,0.08018094596674266,31.14435175614395,0.05409796378616499
144,0.72,0.2920781951999999,1.3162942399999997,12.50810185668829,0.02186180193130863,-28.326036489235257,0.07922476615862684,31.007047024620146,0.05419446757739264
145,0.725,0.29873874218749996,1.3480193749999998,12.449201452205632,0.021899858741970774,-30.084194997530815,0.07826750917293149,30.861035452881435,0.054288808775707804
146,0.73,0.30555934119999995,1.3803158599999998,12.386720942197808,0.021937050276998302,-31.876026537888855,0.0773112321682213,30.7061489533844,0.054381004992906004
147,0.735,0.3125428611374999,1.413188555,12.320592291377583,0.02197338492532021,-33.701649151993884,0.07635794749500843,30.54221886957548,0.054471077024781725
148,0.74,0.3196921951999999,1.4466423199999998,12.250747216979464,0.0220088723324292,-35.56119039209489,0.07540960526688581,30.36907593141316,0.05455904878209692
149,0.745,0.32701026088749996,1.480682015,12.177117168416348,0.022043523362536715,-37.454788450700704,0.0744680781533918,30.18655020493766,0.0546449471967649
150,0.75,0.3344999999999999,1.5153124999999998,12.099633304791825,0.022077350050752308,-39.38259315470551,0.07353514886173684,29.994471036524892,0.05472880210330512
151,0.755,0.3421643786375,1.5505386349999999,12.018226470554646,0.022110365545707535,-41.3447668118009,0.07261250066313904,29.792666992534965,0.05481064609661018
152,0.76,0.35000638719999994,1.58636528,11.932827169601387,0.02214258404340961,-43.34148490233817,0.07170171119867351,29.58096579511375,0.05489051436797197
153,0.765,0.35802904038749994,1.6227972950000003,11.843365538140915,0.022174020713410958,-45.37293661503116,0.07080424967553371,29.359194254925118,0.0549684445220591
154,0.77,0.3662353772,1.6598395400000003,11.749771316633929,0.02220469161865358,-47.43932522979413,0.06992147744337822,29.12717820159021,0.05504447637821456
155,0.775,0.37462846093749996,1.6974968750000003,11.651973821107847,0.022234613630516126,-49.54086835547054,0.06905465182755945,28.88474241257832,0.05511865175986107
156,0.78,0.38321137920000004,1.7357741599999998,11.54990191412938,0.022263804340741575,-51.67779803402034,0.06820493299610823,28.63171054124913,0.05519101427617354
157,0.785,0.39198724388750006,1.7746762550000004,11.443483975689466,0.022292281971966373,-53.850360725873585,0.06737339355388015,28.36790504467771,0.05526160910028467
158,0.79,0.4009591912,1.8142080200000004,11.332647874223364,0.022320065288588813,-56.05881719351674,0.06656103049233636,28.09314711181459,0.055330482748331536
159,0.795,0.41013038163749993,1.8543743150000007,11.217320937952612,0.022347173509648745,-58.30344230195354,0.06576877907798394,27.807256592443704,0.055397682863488076
160,0.8,0.419504,1.8951800000000008,11.097429926696892,0.022373626225300598,-60.58452475548259,0.06499752823616774,27.5100519273052,0.055463258008905315
161,0.805,0.42908325538750003,1.9366299350000011,10.97290100426483,0.02239944331831733,-62.90236679029569,0.06424813697830276,27.201350079653427,0.05552725747312302
162,0.81,0.4388713812000001,1.9787289799999999,10.843659711493114,0.022424644891888796,-65.25728384179112,0.0635214514279358,26.88096646842208,0.055589731091085066
163,0.815,0.4488716351374999,2.0214819949999994,10.709630939967466,0.02244925120480123,-67.64960420427502,0.0628183220217062,26.548714903079603,0.05565072908345194
164,0.82,0.45908729919999985,2.0648938399999994,10.570738906423815,0.02247328261486466,-70.07966869902366,0.06213962049303887,26.204407520170797,0.05571030191635993
165,0.825,0.4695216796874998,2.1089693750000005,10.426907127798708,0.022496759531265433,-72.54783036455382,0.06148625628697952,25.847854721467876,0.055768500183305016
166,0.83,0.4801781071999998,2.1537134599999996,10.278058396872597,0.022519702376306017,-75.05445418054428,0.060859192101914816,25.478865113591198,0.05582537451029745
167,0.835,0.49105993663749986,2.1991309549999998,10.124114758427837,0.02254213155681242,-77.59991683426458,0.06025945830653396,25.09724544890599,0.05588097548498202
168,0.84,0.5021705471999999,2.2452267200000002,9.96499748582991,0.02256406744530734,-80.18460653567995,0.059688166036928,24.7028005674682,0.05593535360996708
169,0.845,0.5135133423874998,2.2920056150000008,9.800627057928986,0.022585530370898093,-82.80892288475127,0.059146518838177384,24.295333339764454,0.055988559280236105
170,0.85,0.5250917499999999,2.3394725,9.630923136175966,0.02260654061969293,-85.47327679187876,0.05863582277625011,23.874644609983708,0.05604064278417976
171,0.855,0.5369092221374999,2.3876322349999994,9.455804541845804,0.022627118444459988,-88.17809045007479,0.05815749500855297,23.440533139554866,0.056091654327539986
172,0.86,0.5489692352,2.4364896799999998,9.275189233268154,0.02264728408317102,-90.92379735529482,0.05771307086408376,22.992795550702496,0.056141644079379126
173,0.865,0.5612752898875,2.486049695,9.088994282972383,0.02266705778601438,-93.71084236952545,0.05730420954548384,22.531226269790324,0.05619066223904393
174,0.87,0.5738309111999998,2.53631714,8.897135854668464,0.022686459850470138,-96.53968181969812,0.056932698624065234,22.05561747025786,0.05623875912311534
175,0.875,0.5866396484375,2.5872968750000007,8.699529179998322,0.022705510664031,-99.41078362433387,0.056600457553425104,21.565759014987957,0.05628598527131168
176,0.88,0.5997050752000002,2.63899376,8.496088535011802,0.022724230754218665,-102.32462743900041,0.05630954047587983,21.06143839799178,0.05633239157047718
177,0.885,0.6130307893875001,2.691412655000001,8.286727216337793,0.022742640845604376,-105.2817048112042,0.056062138636983304,20.54244068533802,0.056378029395933414
178,0.89,0.6266204132,2.744558420000001,8.071357517041516,0.022760761923650653,-108.28251933520619,0.05586058275533375,20.00854845530416,0.05642295076974021
179,0.895,0.6404775931375,2.7984359150000007,7.8498907021775715,0.022778615305313568,-111.3275867974354,0.0557073457164623,19.459541737773534,0.056467208535715664
180,0.9,0.6546059999999999,2.8530500000000005,7.622236984066429,0.022796222716494927,-114.41743530363289,0.055605045970111254,18.895197952946795,0.05651085655143679
181,0.905,0.6690093288875001,2.908405535000001,7.388305497340262,0.022813606376609428,-117.552605379563,0.05555645200927171,18.315291849481625,0.056553949897877855
182,0.91,0.6836912992,2.964507380000001,7.14800427381801,0.022830789090717597,-120.73365003803441,0.055564488297461204,17.719595442209084,0.056596545107803944
183,0.915,0.6986556546375001,3.0213603950000008,6.90124021728497,0.02284779434989644,-123.96113480603279,0.055632242988796786,17.107877949613304,0.056638700414585554
184,0.92,0.7139061632000001,3.0789694400000007,6.647919078261749,0.022864646440751896,-127.23563770694544,0.055762977755126966,16.479905731284806,0.05668047602367519
185,0.925,0.7294466171875,3.1373393750000016,6.387945428858195,0.022881370565222797,-130.55774919409853,0.05596013999819206,15.835442225584478,0.05672193440959627
186,0.93,0.7452808332000004,3.1964750600000005,6.1212226378121155,0.02289799297211237,-133.92807203310915,0.056227377685023935,15.17424788776563,0.05676314064200408
187,0.935,0.7614126521375002,3.2563813550000016,5.847652845818599,0.02291454110207156,-137.34722113181334,0.0565685570049078,14.496080128816438,0.056804162745093194
188,0.94,0.7778459391999999,3.31706312,5.567136941254814,0.0229310437480838,-140.81582331775738,0.05698778300914723,13.80069325528277,0.05684507209543228
189,0.945,0.7945845838875,3.3785252150000002,5.279574536406132,0.02294753123385156,-144.33451706437398,0.05748942336400487,13.087838410333761,0.05688594386417674
190,0.95,0.8116324999999998,3.4407725,4.984863944294153,0.022964035612875494,-147.90395216801858,0.05807813532514006,12.357263516319488,0.056926857510577335
191,0.955,0.8289936256374998,3.503809835,4.682902156203445,0.022980590891440212,-151.5247893789383,0.05875889603119682,11.608713219060721,0.05696789733475237
192,0.96,0.8466719232,3.56764208,4.373584819995742,0.022997233279200478,-155.19769999002747,0.059537036216407956,10.841928834090748,0.05700915309888006
193,0.965,0.8646713793875,3.6322740949999996,4.056806219292614,0.0230140014716048,-158.923365387822,0.06041827745809323,10.056648295050122,0.05705072072731447
194,0.97,0.8829960051999999,3.6977107400000007,3.732459253597524,0.023030936968993183,-162.70247657063084,0.06140877310480458,9.252606104410072,0.057092703097615216
195,0.975,0.9016498359374998,3.7639568750000003,3.40043541941891,0.023048084437907432,-166.53573363896118,0.06251515307356711,8.42953328667746,0.05713521093622008
196,0.98,0.9206369311999999,3.8310173600000006,3.0606247924445533,0.023065492120958153,-170.42384526349372,0.06374457275865363,7.587157344205782,0.05717836383448776
197,0.985,0.9399613748875001,3.8988970549999995,2.7129160108069517,0.023083212302497044,-174.36752813577127,0.06510476635738996,6.725202215710767,0.05722229140307942
198,0.99,0.9596272751999999,3.967600820000001,2.357196259470424,0.02310130183842679,-178.3675064065277,0.06660410498770254,5.843388237566667,0.057267134585334716
199,0.995,0.9796387646374998,4.037133515000001,1.9933512557594408,0.02311982275969912,-182.4245111161843,0.06825166004491467,4.941432107931618,0.05731304715331746
200,1.0,1.0,4.107500000000001,1.6212652360399051,0.023138842960510577,-186.5392796215001,0.07005727231871893,4.019046853731101,0.05736019741382347
