,lbda,hC,hD,hE,hpC,hpD,hpE,f,df,W,dW,Up,dUp,F,dF,Fcorr,dFcorr
0,0.0,0.0,0.0,0.0,0.0,0.0,0.0,0.0,4.656612873077393e-10,1.1016651517241862,0.0029473015743566415,0.0,0.0,0.0,1.1543543215852185e-09,-0.2400195842301725,0.006631991530888228
1,0.005,3.6053801987267223e-06,0.0,0.0,0.002155463497352294,0.0,0.0,0.0009112596982987498,8.252532312504912e-07,1.1016651498621015,0.002947211023469193,1.3505029762970997,0.0012230695913498116,0.002258973634891039,2.045767298810492e-06,-0.2377606064052352,0.006631790312720941
2,0.01,2.8533349199738213e-05,0.0,0.0,0.008498244778961148,0.0,0.0,0.007211203416495948,6.531691778073063e-06,1.1016651348322717,0.0029465860030354093,5.323679445582829,0.004822957284076617,0.017876263401215405,1.6191783248450352e-05,-0.22214328281892246,0.006630418565337501
3,0.015,9.526086600821085e-05,0.0,0.0,0.018844938121021004,0.0,0.0,0.024069817745495214,2.181154924219088e-05,1.1016650760732491,0.0029449220365215106,11.800048749148548,0.010699885898226381,0.059668043901443715,5.4069893320447766e-05,-0.18035137009966384,0.0066269145074763286
4,0.02,0.00022335455464984836,0.0,0.0,0.03301481525554829,0.0,0.0,0.056411424267073684,5.116345776772422e-05,1.1016648877211743,0.0029417649317624197,20.655001007562582,0.01876247129414702,0.13984149673674517,0.00012683201329206497,-0.10017749343614996,0.006620874856317851
5,0.025,0.00043148409144999123,0.0,0.0,0.0508298253703814,0.0,0.0,0.10890147753082324,9.891264741460121e-05,1.1016643700282813,0.002936739414676044,31.75602391138974,0.0289320424924333,0.269962083259121,0.00024520020262500835,0.029944257994676787,0.006612997611113563
6,0.03,0.0007374355923127269,0.0,0.0,0.07211459510918071,0.0,0.0,0.1859280798746834,0.0001692399925102448,1.1016631340368654,0.0029295864685627135,44.96021259086632,0.04114912186748885,0.46090772060582114,0.0004195386691231272,0.22089267656169326,0.00660580217641338
7,0.035,0.001158125000000001,0.0,0.0,0.09669642857142861,0.0,0.0,0.2915786273123171,0.0002662238596388812,1.1016605133728694,0.002920208038971937,60.11190342273626,0.05538370000590217,0.722810887857684,0.0006599575082996845,0.4828017408259563,0.006604508200720045
8,0.04,0.0017096114714107223,0.0,0.0,0.12440530731242937,0.0,0.0,0.4296116569510353,0.00039390124809963426,1.1016554668498255,0.002908718184985628,77.04024972676783,0.07165128199164378,1.0649888369978995,0.0009764642679457434,0.8249910456808192,0.006618039566427433
9,0.045,0.0024071107648598804,0.0,0.0,0.15507389034330935,0.0,0.0,0.6034235725568156,0.0005563577404852336,1.1016464752801567,0.0028955003755215354,95.55652959456596,0.09003713198468874,1.4958611070175059,0.0013791869317495722,1.255883548710175,0.006660072888871786
10,0.05,0.00326500862735765,0.0,0.0,0.1885375141310169,0.0,0.0,0.8160094656198442,0.0007578595315124987,1.1016314355159418,0.002881271526049233,115.45093805298258,0.11073181202654825,2.0228524010204025,0.0018787012130940827,1.782908685860177,0.006749959917341306
11,0.055,0.004296874181888501,0.0,0.0,0.2246341925983222,0.0,0.0,1.0699166986892035,0.0010030457299882308,1.101607554570267,0.0028671546062259677,136.48856254685967,0.13408211414060106,2.6522775213045833,0.0024865072633669856,2.412387545060946,0.006913239058410233
12,0.06,0.0055154733146903084,0.0,0.0,0.2632046171238175,0.0,0.0,1.3671892418193554,0.0012972059627179113,1.1015712475496073,0.002854763189935714,158.404169489475,0.16066290089218183,3.3892033818048533,0.0032157178401217026,3.1493951089109484,0.007181403121469454
13,0.065,0.006932782062533469,0.0,0.0,0.30409215654191707,0.0,0.0,1.7092999167478116,0.001646678070542849,1.1015180470759134,0.0028463028837940455,180.8953432190369,0.19137711710035707,4.237281044320768,0.004082044178464296,3.997592495750874,0.007590779387592827
14,0.07,0.008560000000000007,0.0,0.0,0.3471428571428572,0.0,0.0,2.0970666902921096,0.002059414486178131,1.1014425431775399,0.0028446952672478987,203.61343465838073,0.22759274166291932,5.198538213444643,0.005105200017376273,4.959019591582051,0.008180920270992272
15,0.075,0.01040756362676266,0.0,0.0,0.39220544267269597,0.0,0.0,2.530548017582742,0.002545784048146969,1.1013383995668482,0.002853727537704134,226.1517477578779,0.2713248365595052,6.273119796933131,0.006310889262003559,6.033835576531888,0.008993583311800692
16,0.08,0.012485159754864049,0.0,0.0,0.4391313143333136,0.0,0.0,3.0089111899644365,0.003119695294718513,1.101198549222274,0.002878220361691361,248.0305467091281,0.32546310140708856,7.458961545811633,0.007733590581059958,7.219992128751537,0.010073626385382584
17,0.085,0.014801738895995722,0.0,0.0,0.48777455078241216,0.0,0.0,3.5302673150518746,0.0038001333045275675,1.1010157805230407,0.0029241772940788967,268.6790907510066,0.39401868665191375,8.7513809770234,0.009420367168684773,8.512823032858268,0.011472595999616154
18,0.09,0.017365528648777304,0.0,0.0,0.5379919081335159,0.0,0.0,4.091468402961331,0.004613151419938262,1.1007841058826555,0.0029988146575128864,287.4165598799444,0.48229471448763667,10.142574358917056,0.011435804141076204,9.904538089300123,0.013254769505634097
19,0.095,0.020184047086035585,0.0,0.0,0.589642819955971,0.0,0.0,4.687869034897636,0.00559414477971026,1.1005015474548951,0.003110252269837864,303.43738460274017,0.5967360255371772,11.621025897914867,0.013867644526276264,11.383626029306187,0.015504389981873647
20,0.1,0.023264116142083662,0.0,0.0,0.6425893972749451,0.0,0.0,5.313072496036485,0.006789644993042833,1.1001751514463018,0.003266478006086408,315.81334637594784,0.743959601723124,13.17087841283676,0.0168312381840082,12.934213883213832,0.018331490678437645
21,0.105,0.026611874999999997,0.0,0.0,0.6966964285714285,0.0,0.0,5.9587161729955245,0.008256648982878556,1.0998287474577633,0.0034730762111041444,323.53515983002615,0.9281948415390016,14.771401344452707,0.020467878037066223,14.535517468545887,0.021871046798104785
22,0.11,0.03023279347890761,0.0,0.0,0.7518313797822339,0.0,0.0,6.614407498310095,0.010055705720902365,1.0995123864919134,0.003729398620798229,325.6259161332916,1.1464902234160654,16.39683196459057,0.02492766238444389,16.161661252488575,0.02626603591738466
23,0.115,0.03413168542125307,0.0,0.0,0.8078643942999943,0.0,0.0,7.2679859512293294,0.01223308919521001,1.099308706485362,0.0040237660544007875,321.3532382202368,1.382461128148734,18.01702486485136,0.030325302454218904,17.782313411564996,0.03162284063282437
24,0.12,0.038312722080085675,0.0,0.0,0.864668292973166,0.0,0.0,7.906303410101435,0.01479109955493673,1.0993267449951705,0.004330034347704505,310.52122237672035,1.6026491384537318,19.5993864166403,0.036666500217259194,19.364634286587204,0.03793674087929587
25,0.125,0.042779445506336645,0.0,0.0,0.9221185741060274,0.0,0.0,8.516587430691933,0.017657026794006606,1.0996736554867699,0.004609348774117081,293.7286519520561,1.7624517853731825,21.112254279537126,0.04377101069288043,20.876719997549234,0.045014387824299944
26,0.13,0.04753478193609806,0.0,0.0,0.9800934134586781,0.0,0.0,9.088130638057688,0.02067434074126614,1.1004074993455117,0.004819609205028855,272.4016900397571,1.824665827733083,22.52908533115796,0.05125080231295679,22.29189732157395,0.05245343950918384
27,0.135,0.05258105517790209,0.0,0.0,1.0384736642470402,0.0,0.0,9.613700215303359,0.02363553296121221,1.101496439896756,0.0049297658335993345,248.48071539059103,1.7807214858680622,23.831949729216273,0.058591470582596006,23.592309807896886,0.059728552515099356
28,0.14,0.05792000000000004,0.0,0.0,1.0971428571428574,0.0,0.0,10.090047878458662,0.026346252969562937,1.1028170441008256,0.004930646854282778,223.88414817726942,1.65634553744331,25.012795117329784,0.06531122900258089,24.770184909351592,0.0663555501007031
29,0.145,0.06355277551764144,0.0,0.0,1.1559872002736955,0.0,0.0,10.51737040455114,0.028682083713373826,1.1041987707983516,0.004835422194540498,200.05634819782108,1.4952853099897798,26.072109297294183,0.07110165304491228,25.826395131896014,0.0720332551638217
30,0.15,0.06947997858035344,0.0,0.0,1.214895579222943,0.0,0.0,10.898143243858868,0.030606438125761148,1.1054860643964797,0.004670686501443279,177.8129966906111,1.3352664146775348,27.016028803977736,0.07587204494294619,26.76742631186037,0.0766835585659363
31,0.155,0.0757016571592194,0.0,0.0,1.273759557029809,0.0,0.0,11.235930946609733,0.0321508666907133,1.1065817727512601,0.00446512384048412,157.44978686868888,1.194693941434323,27.853390004225236,0.07970061699075306,27.602331697593495,0.08039659446046608
32,0.16,0.08221732373415841,0.0,0.0,1.3324733741893262,0.0,0.0,11.534542696925033,0.03338071774995487,1.107456995422797,0.004241874513643377,138.94757827819808,1.0751242184425103,28.59363570179122,0.08274936491942392,28.340617502190778,0.08334200821293478
33,0.165,0.08902596868120427,0.0,0.0,1.3909339486523475,0.0,0.0,11.797582847420928,0.03436650956900226,1.1081353688944664,0.004016232867127663,122.14535599049479,0.9710506797512364,29.245700931930692,0.08519310047897596,28.99116471054436,0.08569769686298899
34,0.17,0.09612607365978462,0.0,0.0,1.449040875825549,0.0,0.0,12.028279227265566,0.0351684036591227,1.1086677380895753,0.0037969201773511378,106.8423029283818,0.8773017279548894,29.81758734445038,0.08718096147067665,29.56186047119265,0.08761279372895751
35,0.175,0.103515625,0.0,0.0,1.5066964285714286,0.0,0.0,12.229456382073623,0.03583170033302363,1.1091093955791607,0.0035884325302524447,92.8437588955891,0.7913262198439952,30.316296866557224,0.08882524542315523,30.059582653375802,0.08919805921273202
36,0.18,0.11119212708990305,0.0,0.0,1.5638055572083065,0.0,0.0,12.403566916524275,0.03638836728488268,1.109505233473251,0.003392903633941009,79.97672814977425,0.7125449865536354,30.747909399861495,0.09020519887661355,30.490310612020103,0.09053061860535133
37,0.185,0.11915261576277743,0.0,0.0,1.620275889510323,0.0,0.0,12.55273932663613,0.036860549214672994,1.1098831315231084,0.003211119613355746,68.09283246843313,0.6411422359653348,31.11770139453101,0.09137571759071847,30.8592584164154,0.09166309745985798
38,0.19,0.12739367168441726,0.0,0.0,1.6760177307074435,0.0,0.0,12.678826865094509,0.0372638949027088,1.1102535830606257,0.0030429769976215775,57.06720155972293,0.5772790010663615,31.430266984337667,0.09237559421943467,31.170996729734494,0.092632088584762
39,0.195,0.1359114337404058,0.0,0.0,1.7309440634854525,0.0,0.0,12.783452751378531,0.03760997807152196,1.1106130933515295,0.0028877484474252803,46.79617557172186,0.5207989975502547,31.689630060619827,0.0932335195235911,31.42955722693336,0.09346432451697048
40,0.2,0.14470161242339508,0.0,0.0,1.7849705479859586,0.0,0.0,12.86805018688399,0.037907822660647905,1.1109492546997837,0.0027443352651491306,37.194496634620236,0.4712254304337811,31.899343468052415,0.0939718634615339,31.63852041500395,0.09418059723178465
41,0.205,0.1537595032203844,0.0,0.0,1.8380155218063903,0.0,0.0,12.93389637696126,0.038164781315455164,1.111245980551701,0.0026115171639174675,28.192213455328528,0.4278683156776205,32.062573343817,0.09460885292518553,31.801088269152093,0.09479800403911746
42,0.21,0.16307999999999997,0.0,0.0,1.89,0.0,0.0,12.982140252536556,0.03838701682518846,1.1114879234523394,0.00248814968721827,19.731583662190076,0.38994388110896455,32.182167838309645,0.09515976520426617,31.920143098455316,0.09533112226267335
43,0.215,0.1726576083997739,0.0,0.0,1.9408476750758614,0.0,0.0,13.013824212479918,0.03857976529000688,1.1116635633452856,0.0023732763705129304,11.764290475612952,0.35666844269653747,32.260711013536884,0.09563758036607284,31.998294574105817,0.0957925758483323
44,0.22,0.18248645921342302,0.0,0.0,1.9904849169988699,0.0,0.0,13.029900766330002,0.03874748974106712,1.1117668331025867,0.0022661588822167644,4.249193301324425,0.32731948037281244,32.30056409971533,0.09605336207306484,32.03791738431844,0.09619330140985503
45,0.225,0.1925603217781282,0.0,0.0,2.0388407731897424,0.0,0.0,13.031245245362332,0.038893983548697754,1.1117974353298203,0.002166251152640608,-2.8493232309065917,0.3012679145498646,32.303897005463675,0.09641651392728401,32.04118205582916,0.0965426953878377
46,0.23,0.2028726173618136,0.0,0.0,2.08584696852502,0.0,0.0,13.018665739099639,0.03902245295628489,1.111760181139489,0.0020731475701796223,-9.562468424693492,0.2779885794807608,32.27271294998484,0.09673498406831099,32.010081066816724,0.09684873545908525
47,0.235,0.21341643255042547,0.0,0.0,2.1314379053370622,0.0,0.0,12.992911199132038,0.039135591400430506,1.1116637456224,0.0019865281586732802,-15.917768572264123,0.25705606234107303,32.208868552087985,0.09701544940974403,31.94645170618763,0.0971181134451463
48,0.24,0.22418453263521151,0.0,0.0,2.175550663414054,0.0,0.0,12.954678360317251,0.039235649697837965,1.1115192065691768,0.0019061135564730895,-21.939539235176824,0.23813223720564855,32.11409098754641,0.09726348962947233,31.851996477783253,0.09735638595715218
49,0.245,0.23516937500000004,0.0,0.0,2.2181250000000006,0.0,0.0,12.904617859915708,0.03932450225411682,1.1113386477783282,0.0018316343143684611,-27.6492246301587,0.22095045336124974,31.9899931581706,0.09748375129845793,31.728301370951247,0.09756813500916062
50,0.25,0.2463631225084786,0.0,0.0,2.2591033497947284,0.0,0.0,12.843339737893018,0.03940370808571006,1.1111340027422423,0.0017628138859724105,-33.06568135647511,0.2052997495919812,31.838087326821615,0.0976800991514715,31.576852063782297,0.0977571271218894
51,0.255,0.2577576568914738,0.0,0.0,2.298430824953889,0.0,0.0,12.771418385005347,0.03947456538551361,1.1109162167166344,0.0016993622906198156,-38.20544627319997,0.19101099135409505,31.659797383502212,0.09785575135291814,31.399048052055377,0.0979264610001625
52,0.26,0.26934459213422984,0.0,0.0,2.336055215088951,0.0,0.0,12.689396953964613,0.039538158854092495,1.110694730757103,0.001640976850394671,-43.08300161856822,0.17794569502468716,31.456469780445733,0.09801339682888857,31.196214733723938,0.098078697391916
53,0.265,0.2811152878636879,0.0,0.0,2.37192698726721,0.0,0.0,12.597791239583735,0.039595399634310254,1.110477244659458,0.0015873467965426234,-47.71103539045714,0.16598757601192063,31.22938315082951,0.09815529426338931,30.969613558361853,0.09821596834463205
54,0.27,0.29306086273576504,0.0,0.0,2.405999286011782,0.0,0.0,12.497093045009358,0.03964705821276647,1.1102696938505878,0.0015381593277560934,-52.10068909972209,0.15503647563640024,30.979756653521086,0.09828335365959262,30.720450427256235,0.09834006590676839
55,0.275,0.3051722078226335,0.0,0.0,2.438227933301601,0.0,0.0,12.387773067917736,0.039693791006552175,1.1100763716463398,0.0014931055442694594,-56.26178483845018,0.14500417856236866,30.70875712783384,0.09839920224726066,30.449882579716697,0.09845251214865165
56,0.28,0.31744000000000017,0.0,0.0,2.468571428571429,0.0,0.0,12.270283354465649,0.03973616153488833,1.1099001358878735,0.0014518854043820838,-60.20302617701333,0.13581162889703138,30.417505176765818,0.09850423696632753,30.15902421918601,0.09855461329937387
57,0.285,0.3298547153343845,0.0,0.0,2.4969909487118467,0.0,0.0,12.145059376563474,0.03977465711595008,1.109742651873221,0.0014142113856226253,-63.93217066106459,0.12738711802056885,30.107080316470444,0.09859966585760918,29.848951123695297,0.09864750104473637
58,0.29,0.34240664247039915,0.0,0.0,2.5234503480692565,0.0,0.0,12.012521789567426,0.0398097019743004,1.109604637531449,0.00137981087580374,-67.45617449256679,0.11966510746992172,29.778525333500056,0.09868654055556814,29.52070445806199,0.09873216385168507
59,0.295,0.35508589601802826,0.0,0.0,2.547916158445885,0.0,0.0,11.87307792420524,0.03984166753540301,1.1094860894451255,0.0013484274990329418,-70.781311908299,0.1125854417536904,29.432849983225537,0.09876578180796863,29.175293969073802,0.09880947078164316
60,0.3,0.36788242993990605,0.0,0.0,2.5703575890997796,0.0,0.0,11.727123060305125,0.03987088055346075,1.109386478444733,0.0013198216425176238,-73.91327279531038,0.10609278640653137,29.071034147355686,0.09883819962443875,28.813700706950083,0.09888018977638935
61,0.305,0.3807860509385971,0.0,0.0,2.5907465267448084,0.0,0.0,11.575041522350782,0.039897629589110216,1.1093049108131092,0.0012937704368287466,-76.85724238601543,0.10013619033143896,28.69403054977102,0.0989045093343971,28.43687938136131,0.09894500193664946
62,0.31,0.39378643184387474,0.0,0.0,2.6090575355506633,0.0,0.0,11.41720762925712,0.03992217023700677,1.109240255906665,0.0012700673927619006,-79.61796669289781,0.0946687172796789,28.30276711097698,0.09896534454601125,28.045760430709567,0.09900451291291504
63,0.315,0.40687312500000006,0.0,0.0,2.625267857142857,0.0,0.0,11.253986523806669,0.03994472940575274,1.1091912437203115,0.0012485218386557018,-82.19980688959056,0.08964712076144474,27.89814900424111,0.09902126775595607,27.64125186001656,0.09905926220728277
64,0.32,0.4200355756530018,0.0,0.0,2.639357410602725,0.0,0.0,11.085734901275568,0.039965508874846824,1.109156537145624,0.0012289582487171548,-84.60678528428542,0.0850315530027933,27.481060461825628,0.09907277916693823,27.22424088533689,0.09910973094262847
65,0.325,0.43326313533795463,0.0,0.0,2.651308792467425,0.0,0.0,10.912801652015446,0.0399846882937183,1.1091347838979018,0.0012112155125612557,-86.84262496946056,0.08078530562432805,27.052366367920268,0.09912032412217336,26.795595410263374,0.09915634848051397
66,0.33,0.4465450752662582,0.0,0.0,2.6611072767299335,0.0,0.0,10.735528429073995,0.04000242774356336,1.109124652721309,0.0011951461699299707,-88.91078472824125,0.0768745811711407,26.612913665749282,0.09916429945606806,26.356165351748057,0.09919949814786756
67,0.335,0.4598705997129174,0.0,0.0,2.6687408148390555,0.0,0.0,10.554250149187721,0.04001886995030245,1.1091248578201998,0.0011806156203068726,-90.81449035778827,0.07326829340985033,26.163532599510976,0.09920505898004613,25.906783827102043,0.09923952225061516
68,0.34,0.47322885940381987,0.0,0.0,2.674200035699411,0.0,0.0,10.369295433490375,0.04003414221390082,1.1091341747095758,0.0011675013114914715,-92.55676323798735,0.06993789244368237,25.70503780687493,0.09924291826525125,25.448268210776725,0.09927672649912357
69,0.345,0.4866089649030165,0.0,0.0,2.677478245671446,0.0,0.0,10.180986992875182,0.04004835810271836,1.1091514499507764,0.0011556919107569628,-94.14044672167493,0.06685720931575084,25.23822927427843,0.09927815884276753,24.98142106766034,0.09931138393551135
70,0.35,0.5,0.0,0.0,2.678571428571429,0.0,0.0,9.989641961984132,0.040061618949909866,1.109175606604584,0.0011450864642137198,-95.56823073778706,0.06400231431550431,24.76389316487158,0.09931103191313138,24.507030968643075,0.09934373843078115
71,0.355,0.5133910350969835,0.0,0.0,2.677478245671445,0.0,0.0,9.795572185148407,0.040074015180585974,1.10920564671799,0.0011355935525174813,-96.8426748673951,0.0613513836541881,24.28280252735129,0.09934176163630651,24.025873193744854,0.0993740078053181
72,0.36,0.5267711405961802,0.0,0.0,2.674200035699411,0.0,0.0,9.599084457177112,0.040085627492406094,1.1092406517632054,0.00112713045298586,-97.96623006178311,0.05888457027230558,23.795717892866243,0.09937054805832292,23.53871032792919,0.09940238661647526
73,0.365,0.5401294002870827,0.0,0.0,2.6687408148390555,0.0,0.0,9.400480721615304,0.0400965279080123,1.1092797816555504,0.0011196223190303447,-98.94125911098234,0.05658387595192064,23.303387766490008,0.0993975697202155,23.046292754694008,0.09942904865037779
74,0.37,0.5534549247337419,0.0,0.0,2.661107276729934,0.0,0.0,9.200058228917449,0.04010678071445059,1.1093222727714975,0.001113001387527279,-99.77005593200462,0.05443302332976698,22.806549019326226,0.09942298598680886,22.54935905255588,0.09945414914989892
75,0.375,0.5667368646620456,0.0,0.0,2.651308792467425,0.0,0.0,8.998109656867474,0.04011644330229469,1.1093674352499878,0.0011072062235459507,-100.45486372211133,0.05241732763022154,22.305927187024775,0.09944693912686914,22.048636299568546,0.09947782680673746
76,0.38,0.5799644243469984,0.0,0.0,2.6393574106027256,0.0,0.0,8.794923195501239,0.040125566915372876,1.1094146497709425,0.0011021810100219239,-100.99789200899934,0.05052356884501121,21.80223668030091,0.0994695561716447,21.544840291029587,0.09950020554234397
77,0.385,0.5931268750000003,0.0,0.0,2.6252678571428563,0.0,0.0,8.590782598730135,0.040134197320537364,1.1094633639497515,0.0010978748878423296,-101.40133262344995,0.048739865648796295,21.296180912907957,0.09949095057519551,21.038675675511342,0.0995213960996306
78,0.39,0.6062135681561254,0.0,0.0,2.6090575355506638,0.0,0.0,8.38596720481444,0.040142375405743405,1.1095130884535962,0.0010942413496483445,-101.66737461824087,0.04705555258641164,20.788452352389864,0.09951122369700571,20.530836014302444,0.09954149746496126
79,0.395,0.6192139490614033,0.0,0.0,2.5907465267448098,0.0,0.0,8.180751927787979,0.04015013771373048,1.1095633929261832,0.0010912376886799797,-101.79821815822685,0.0454610620626981,20.279732498823314,0.09953046612495621,20.022003769273045,0.09956059813775006
80,0.4,0.6321175700600941,0.0,0.0,2.5703575890997805,0.0,0.0,7.975407221881291,0.04015751691793536,1.1096139017959357,0.0010888245022948767,-101.79608740922521,0.04394781248566463,19.770691796624295,0.09954875885509278,19.5128502240686,0.09957877726347103
81,0.405,0.644914103981972,1.916687011718755e-05,0.0,2.547916158445885,0.011427612304687518,0.0,7.770295786879563,0.040164576737898056,1.1096640735540677,0.0010869735835381772,-101.52345004803112,0.04289930431471501,19.262229362974928,0.09956625984541703,19.0042757056476,0.09959619234671141
82,0.41,0.6575933575296008,0.00015044921874999792,0.0,2.523450348069257,0.0445605468749996,0.0,7.566098564821651,0.04017147401917022,1.1097133612587173,0.001085684436622618,-100.90462597632813,0.04254809281902495,18.756033223929187,0.0995833579093118,18.497969461758927,0.09961323402697898
83,0.415,0.6701452846656157,0.0004981256103515583,0.0,2.4969909487118467,0.09770690917968698,0.0,7.363428375700428,0.04017830877494793,1.1097624638011903,0.001084951802733105,-100.0215588551464,0.04267275264854036,18.253622533916285,0.09960030097519257,17.99544908540344,0.09963014919507794
84,0.42,0.68256,0.0011581249999999936,0.0,2.468571428571429,0.16921874999999942,0.0,7.16275014101371,0.04018511929462883,1.1098123652585903,0.0010847656871053725,-98.93863720663569,0.043067881571058245,17.75614981335145,0.09961718396083077,17.497864898834383,0.09964703050529825
85,0.425,0.6948277921773666,0.0022182464599609293,0.0,2.438227933301601,0.25749206542968683,0.0,6.964416101975322,0.040191912235135456,1.109863059474618,0.00108511900371295,-97.70407760009795,0.043557955484867864,17.264488253067803,0.09963402336845134,17.00609010687569,0.09966389405133234
86,0.43,0.7069391372642351,0.0037583789062499897,0.0,2.4059992860117796,0.3609667968749994,0.0,6.768693783724169,0.040198678074700414,1.1099140453203717,0.001086006942638468,-96.35393132454718,0.044020609113971036,16.77930103638903,0.09965079559400206,16.520789012348107,0.09968071695179448
87,0.435,0.7188847121363123,0.005850720825195301,0.0,2.3719269872672095,0.4781268310546869,0.0,6.57578950226228,0.04020539928290403,1.1099652096595598,0.0010874240225650443,-94.91310049472779,0.04439245427529745,16.30109961181868,0.09966745718032582,16.042473316519054,0.0996974555135811
88,0.44,0.7306554078657702,0.008559999999999988,0.0,2.3360552150889498,0.6074999999999995,0.0,6.385868466645082,0.04021205670513287,1.1100166560999236,0.0010893645761907145,-93.3979892917356,0.04464553697441544,15.830293525506063,0.09968396064395907,15.571552334209331,0.09971406148588274
89,0.445,0.7422423431085264,0.011943693237304674,0.0,2.298430824953888,0.7476580810546871,0.0,6.199068894897625,0.040218632749806346,1.110068325378252,0.001091823544924461,-91.81933361271822,0.04476988586985583,15.367225413995987,0.09970026237612935,15.108368834394918,0.09973049080702623
90,0.45,0.7536368774915213,0.01605224609374999,0.0,2.2591033497947284,0.8972167968749996,0.0,6.015511500119025,0.04022511249332145,1.11011985771419,0.0010947965550689427,-90.18399254324675,0.04476479419047542,14.912194519874078,0.09971632538186613,14.653222863139078,0.09974670670762406
91,0.455,0.7648306250000001,0.020929292602539055,0.0,2.2181250000000015,1.054835815429687,0.0,5.835306010617103,0.04023148390901032,1.110170722119809,0.0010982792202570563,-88.49617415254156,0.044634960774118625,14.465472854900346,0.09973211984757659,14.20638761782858,0.09976268012171702
92,0.46,0.7758154673647885,0.026611874999999997,0.0,2.1755506634140516,1.21921875,0.0,5.658555566718126,0.040237737629734885,1.1102204097628863,0.0011022659436728916,-86.75832529265469,0.044388386953612545,14.027316099511637,0.0997476225525279,13.768119914841186,0.09977838875551863
93,0.465,0.7865835674495748,0.033130663452148434,0.0,2.1314379053370613,1.3891131591796877,0.0,5.485359620702232,0.04024386650778337,1.1102685476363785,0.001106748783515523,-84.9717386692197,0.04403490418745908,13.597970791636898,0.09976281577784978,13.338667124585593,0.09979381572861383
94,0.47,0.7971273826381863,0.04051017578124993,0.0,2.085846968525019,1.5633105468749984,0.0,5.3158158146258,0.04024986517820852,1.1103149222722908,0.0011117167195004954,-83.13697750812484,0.0435852229668576,13.177678981738184,0.09977768622406846,12.91827177367501,0.09980894834713504
95,0.475,0.807439678221872,0.048768997192382736,0.0,2.0388407731897438,1.7406463623046862,0.0,5.150021110132052,0.04025572970301973,1.110359452626609,0.0011171553360324734,-81.25420149612168,0.04305030020649552,12.766681033562556,0.09979222412907449,12.507174406299402,0.09982377716128053
96,0.48,0.8175135407865768,0.05791999999999992,0.0,1.9904849169988712,1.9199999999999984,0.0,4.988072332619174,0.040261457292186456,1.1104021482856057,0.001123046817062871,-79.32342350898216,0.042440869425582735,12.365216973111492,0.09980642257650202,12.105615026563303,0.09983829525616124
97,0.485,0.8273423916002263,0.06797056335449211,0.0,1.9408476750758599,2.1002947998046864,0.0,4.830066260745177,0.04026704608189117,1.1104430738043365,0.0011293701559362775,-77.34470480617772,0.041767111235799945,11.973526710519588,0.09982027694602749,11.713833400015595,0.09985249770371821
98,0.49,0.8369199999999998,0.07892279296874992,0.0,1.89,2.2804980468749987,0.0,4.676099377660769,0.040272494955744975,1.1104823252568061,0.0011361015051898138,-75.31829686422833,0.04103845293445538,11.591849423371526,0.0998337844701708,11.332068489335404,0.09986638113071007
99,0.495,0.8462404967796157,0.0907737408447265,0.0,1.8380155218063892,2.4596209716796866,0.0,4.526267381678599,0.0402778033994197,1.1105200160582727,0.0011432146021134438,-73.24473969653289,0.04026345929203416,11.220422343672167,0.09984694387393453,10.960557272959988,0.09987994337734993
100,0.5,0.8552983875766048,0.10351562499999994,0.0,1.7849705479859577,2.6367187499999996,0.0,4.380664534817734,0.04028297138138856,1.1105562670227411,0.001150681216837398,-71.1249256830821,0.03944978138583991,10.859479142916307,0.09985975507916507,10.59953315235109,0.09989318322855896
101,0.505,0.8640885662595944,0.11713604919433589,0.0,1.730944063485452,2.810890502929687,0.0,4.2393829107943155,0.04028799925411657,1.1105911976862464,0.0011584715844985749,-68.96013664560554,0.038604149494098974,10.50924806788981,0.09987221895960813,10.249224107162568,0.09990610020226476
102,0.51,0.8726063283155825,0.13161822265624998,0.0,1.6760177307074435,2.9812792968749995,0.0,4.102511589501255,0.040292887671569036,1.110624918495994,0.0011665547985080264,-66.75206086761375,0.03773240452199699,10.169949943819411,0.09988433713641554,9.909850715820546,0.09991869438110282
103,0.515,0.8808473842372226,0.1469411798095703,0.0,1.6202758895103229,3.1470721435546873,0.0,3.9701358325260596,0.04029763752001652,1.1106575246841994,0.0011748991550347954,-64.50279572842182,0.0368395602171165,9.841796130516814,0.09989611180661397,9.581624125334917,0.09993096627628609
104,0.52,0.8888078729100976,0.16307999999999997,0.0,1.5638055572083065,3.3075,0.0,3.8423362639637197,0.04030224985991701,1.1106890925647641,0.0011834724483206827,-62.21484047581733,0.03592988516621663,9.524986491649049,0.09990754559903321,9.26474402882778,0.09994291671541256
105,0.525,0.8964843750000003,0.1800060272216797,0.0,1.5066964285714293,3.4618377685546875,0.0,3.7191880728023214,0.040306725877208495,1.110719678375074,0.0011922422223563478,-59.89108254596775,0.03500699375793735,9.219707417486681,0.09991864145356256,8.959396690858705,0.09995454674885138
106,0.53,0.9038739263402156,0.19768708984375,0.0,1.4490408758255475,3.609404296875,0.0,3.60076024725665,0.04031106684284655,1.110749319236561,0.0012011759872875955,-57.5347799136806,0.0340739379769139,8.926129926849713,0.09992940252084628,8.665753047219349,0.09996585757184549
107,0.535,0.9109740313187955,0.21608772033691412,0.0,1.3909339486523453,3.7495623779296876,0.0,3.4871148471502202,0.0403152740796739,1.1107780355509576,0.0012102414093926824,-55.14954126686603,0.03313329496426615,8.644407863373903,0.09993983208015464,8.383966895845376,0.09997685046082856
108,0.54,0.917782676265842,0.23516937500000004,0.0,1.3324733741893255,3.8817187500000006,0.0,3.3783063173571026,0.04031934893596857,1.1108058341512272,0.0012194064823532812,-52.73930529958449,0.03218724766807265,8.374676193562554,0.09994993347381094,8.114173187831016,0.09998752672335423
109,0.545,0.9242983428407809,0.25489065368652347,0.0,1.2737595570298081,4.005324096679688,0.0,3.2743808430981822,0.040323292765193204,1.1108327116693997,0.0012286396856079794,-50.30832004301328,0.031237657476088435,8.11704940859364,0.09995971005699089,7.856486421716439,0.09999788766141078
110,0.55,0.9305200214196473,0.27520751953125006,0.0,1.214895579222943,4.119873046874999,0.0,3.17537574634205,0.04032710691138679,1.110858657762261,0.0012379101334696067,-47.8611228593371,0.03028612865368395,7.871620028023561,0.09996916516150942,7.610999139990351,0.1000079345474993
111,0.555,0.9364472244823583,0.2960735186767579,0.0,1.1559872002736953,4.224904174804688,0.0,3.081318921542662,0.04033079269976722,1.1108836579915393,0.001247187716845593,-45.402521490696124,0.029334064894658837,7.638457201005038,0.09997830207252471,7.3777805238790295,0.10001766861292986
112,0.56,0.9420800000000006,0.31744000000000017,0.0,1.0971428571428554,4.32,0.0,2.992228308345478,0.04033435143203635,1.1109076962670485,0.0012564432380282496,-42.93757637645185,0.02838271848300773,7.41760539914829,0.09998712401689976,7.1568750807548955,0.10002709104740226
113,0.565,0.9474189448220979,0.33925633483886686,0.0,1.038473664247041,4.4047869873046865,0.0,2.908111398602081,0.040337784385867055,1.1109307568321585,0.0012656485381544584,-40.47158432175181,0.027433232586733882,7.209083194431467,0.09999563416193068,6.948301417616413,0.10003620300874781
114,0.57,0.952465218063902,0.3614701367187497,0.0,0.980093413458677,4.4789355468749985,0.0,2.8289647749608964,0.04034109281804163,1.1109528258114083,0.0012747766164949979,-38.01006351128504,0.02648667716122116,7.012882115386858,0.10000383562312679,6.752051093821381,0.10004500564157176
115,0.575,0.9572205544936633,0.3840274810791013,0.0,0.922118574106026,4.5421600341796875,0.0,2.7547736783779992,0.04034427797076834,1.1109738923609132,0.0012838017406116467,-35.558739805831735,0.025544078893452952,6.828965574978775,0.10001173147986901,6.568087546398567,0.10005350010359768
116,0.58,0.9616872779199142,0.4068731249999997,0.0,0.8646682929731664,4.59421875,0.0,2.685511602051502,0.04034734108063423,1.1109939494712444,0.0012926995465011428,-33.123534227222486,0.024606445594903305,6.657267863984347,0.10001932479760353,6.3963450816379375,0.10006168759830625
117,0.585,0.9658683145787469,0.4299507269287106,0.0,0.8078643942999948,4.634913940429687,0.0,2.6211399094905676,0.04035028338974085,1.1110129944753284,0.0013014471280433533,-30.71055152259301,0.02367478544846861,6.497693204203015,0.10002661865544665,6.236727927167844,0.10006956941264161
118,0.59,0.9697672065210923,0.4532030664062498,0.0,0.7518313797822325,4.664091796875,0.0,2.5616074746566557,0.04035310615856253,1.111031029312556,0.0013100231153132245,-28.326069695616187,0.022750121519854526,6.3501148563821435,0.10003361617806009,6.089109339292279,0.10007714695854056
119,0.595,0.9733881249999993,0.476572263793945,0.0,0.6966964285714274,4.681642456054687,0.0,2.50685034233633,0.04035581068011318,1.1110480605970676,0.0013184077415747968,-25.976530396526403,0.021833501943325843,6.214374278295804,0.10004032057076978,5.95333076091814,0.10008442181715256
120,0.6,0.9767358838579171,0.4999999999999998,0.0,0.6425893972749458,4.6875,0.0,2.456791407115377,0.040358398294996205,1.111064099533249,0.0013265828990029695,-23.668530071151405,0.020926006178777795,6.090280328935411,0.10004673515687394,5.829201025935125,0.10009139578459811
121,0.605,0.9798159529139645,0.5234277362060544,1.916687011718755e-05,0.5896428199559717,4.6816424560546865,0.011427612304687518,2.411345500882767,0.04036086987844273,1.1110759972301776,0.0013345056761898248,-21.40084651406747,0.020020195004662462,5.977621880213432,0.10005286210603298,5.716516031740625,0.10009806695676049
122,0.61,0.9826344713512225,0.5467969335937499,0.0001504492187500004,0.537991908133515,4.664091796875,0.04456054687500008,2.370434311434396,0.040363224177007336,1.1110684333022567,0.0013420311408712902,-19.17344190121639,0.019137161571422607,5.876204799540997,0.10005869831100948,5.615115827246024,0.10010441780768663
123,0.615,0.9851982611040034,0.5700492730712887,0.0004981256103515638,0.4877745507824116,4.63491394042969,0.09770690917968768,2.3339672749029248,0.04036545943585482,1.111024238398488,0.0013489973106388272,-16.995831051259625,0.018366746992732257,5.785804582982539,0.10006423942164243,5.524814217976793,0.10011042758112844
124,0.62,0.987514840245136,0.5931268749999999,0.001158125000000003,0.4391313143333114,4.594218750000002,0.16921875000000028,2.3018327569244548,0.04036757446676954,1.1109276506251553,0.0013552562479831045,-14.87950165590009,0.017856393547204905,5.706144493746927,0.1000694824923963,5.445369648204956,0.1001160780023734
125,0.625,0.9895924363732376,0.6159725189208982,0.0022182464599609436,0.39220544267269397,4.542160034179688,0.25749206542968794,2.2738934988772055,0.04036956945101665,1.1107642890552136,0.0013606795527101707,-12.838441795583314,0.01779141811153161,5.636884273608823,0.10007442797261962,5.376473984741583,0.10012135577339218
126,0.63,0.9914399999999998,0.6385298632812498,0.00375837890625001,0.3471428571428575,4.478935546875,0.36096679687500055,2.2499812445011376,0.04037144688591505,1.110521129333753,0.0013651645742224262,-10.889430438401263,0.018348438119683532,5.57760682252963,0.10007908205305864,5.317739266710785,0.10012625548556663
127,0.635,0.9930672179374666,0.6607436651611327,0.005850720825195327,0.30409215654191785,4.4047869873046865,0.4781268310546883,2.2298909933591364,0.04037321258538386,1.1101864794640073,0.001368640659774143,-9.052122082312685,0.019634739309022497,5.527803953234688,0.10008345914616901,5.268683531032223,0.10013078266161407
128,0.64,0.9944845266853091,0.68256,0.00856000000000002,0.26320461712381665,4.32,0.6075000000000009,2.213375265363302,0.04037487664791595,1.1097499538926958,0.0013710747737586283,-7.3489562848316154,0.021655261029912436,5.4868621732204135,0.10008758428568063,5.228716669156405,0.10013495664423527
129,0.645,0.9957031258181106,0.7039264813232422,0.011943693237304718,0.22463419259832185,4.224904174804686,0.7476580810546886,2.2001386982317435,0.040376454317883566,1.1092024441260229,0.0013724759007091127,-5.804923258523289,0.024331709018076107,5.454049292081832,0.10009149526173723,5.197127115939257,0.10013881308586786
130,0.65,0.9967349913726423,0.72479248046875,0.016052246093750038,0.18853751413101505,4.119873046875,0.8972167968750012,2.189833236193625,0.040377966688734036,1.10853608431837,0.0013728977860504085,-4.447217343508797,0.027548953169451437,5.428502494519138,0.10009524436408838,5.173070013719769,0.10014240586484349
131,0.655,0.9975928892351398,0.7451093463134765,0.020929292602539114,0.1550738903433081,4.005324096679689,1.054835815429689,2.1820541037977517,0.040379441227253225,1.1077442105900484,0.001372439760807944,-3.3048103372037616,0.031192957436918738,5.40921835958218,0.10009889968171594,5.155557334345923,0.10014580835111699
132,0.66,0.9982903885285892,0.7648306250000001,0.026611875000000066,0.12440530731243088,3.8817187500000023,1.2192187500000016,2.1763366948251495,0.04038091213271308,1.1068213132431333,0.0013712456109643068,-2.407975811086885,0.03516933394532009,5.395045148418436,0.10010254599314554,5.143450282863218,0.10014911405617288
133,0.665,0.9988418749999995,0.7839122796630856,0.03313066345214852,0.09669642857142653,3.7495623779296903,1.3891131591796895,2.1721544455070223,0.040382420577758,1.1057629815440717,0.001369500652200894,-1.7877933330814528,0.03940862681258958,5.384677532071715,0.10010628536359342,5.13545415492605,0.10015243680801857
134,0.67,0.9992625644076873,0.8023129101562503,0.040510175781250095,0.07211459510918158,3.6094042968749998,1.5633105468750026,2.168917706356323,0.04038401490414231,1.104565841309911,0.001367427321720816,-1.47565787751995,0.04386574574804361,5.3766537948011,0.10011023763019128,5.130115682814527,0.10015591067601205
135,0.675,0.9995685159085509,0.8199939727783203,0.04876899719238293,0.05082982537038312,3.4618377685546875,1.74064636230469,2.165973580647803,0.04038575086243501,1.1032274861463338,0.001365279677716547,-1.5028148556298504,0.04851754159208866,5.369355433679931,0.10011454099620407,5.125822789013136,0.10015968992002258
136,0.68,0.9997766454453494,0.8369199999999998,0.05792000000000013,0.03301481525554868,3.3075,1.9200000000000021,2.1626066619579003,0.04038769198964039,1.1017464038059477,0.0013633371978100741,-1.8999355702054004,0.05336002227469622,5.361008986925497,0.10011935296713517,5.120806576732704,0.10016394925091408
137,0.685,0.9999047391339938,0.8530588201904298,0.06797056335449234,0.018844938121022378,3.1470721435546873,2.1002947998046904,2.1580405792330826,0.04038991021359267,1.1001218997241313,0.0013618982009501984,-2.6967420420661483,0.058405619246161555,5.349689864057064,0.10012485184899493,5.113145326169769,0.10016888466881417
138,0.69,0.9999714666507997,0.8683817773437497,0.07892279296874992,0.008498244778961248,2.9812792968750053,2.2804980468749987,2.151440245477337,0.04039248676085075,1.0983540203088422,0.001361273104614263,-3.9216846358641533,0.06368056058783363,5.333327920295537,0.10013123899893245,5.100770233488772,0.10017471510168605
139,0.695,0.9999963946198016,0.8828639508056642,0.0907737408447265,0.0021554634973534924,2.8108905029296887,2.4596209716796866,2.141914704150645,0.04039551342845166,1.0964434789760489,0.0013617775969802161,-5.601671203181979,0.06922232238818839,5.309714512662966,0.10013874197785799,5.081472623614386,0.10018168500934502
140,0.7,1.0,0.8964843749999999,0.10351562499999994,0.0,2.6367187500000036,2.6367187499999996,2.1285204737794245,0.04039909426152469,1.0943915882158008,0.001363725677029061,-7.761842879915832,0.07507711701555543,5.276510791128114,0.1001476187091762,5.052912383085968,0.10019006805580394
141,0.705,1.0,0.9092262591552732,0.11713604919433589,0.0,2.459620971679691,2.810890502929687,2.1103356936309368,0.040403346873211836,1.0922001954501415,0.0013674198190922273,-10.320321231129924,0.0812963668710093,5.231431502547247,0.10015816075081223,5.012801896053139,0.10020016976545144
142,0.71,1.0,0.92107720703125,0.13161822265624998,0.0,2.2804980468750053,2.9812792968749995,2.0866813898951087,0.040408402579247486,1.089871619507555,0.001373135490491795,-13.187172354804034,0.08793489035604658,5.1727935000209655,0.10017069362882891,4.959454683548949,0.10021232691397956
143,0.715,1.0,0.9320294366455073,0.1469411798095703,0.0,2.100294799804687,3.1470721435546873,2.056925185469364,0.04041441160692131,1.0874086368198688,0.0013811205729668272,-16.37232455697483,0.09504941043294021,5.09902914788548,0.100185589750222,4.891298824701417,0.10022692054613468
144,0.72,1.0,0.9420800000000003,0.16307999999999997,0.0,1.9200000000000008,3.3075,2.0204170095181126,0.040421547130421245,1.0848144771890391,0.001391588694660917,-19.88338014857652,0.10269508864650842,5.008526948473165,0.10020327840636206,4.806717576289505,0.10024438568957181
145,0.725,1.0,0.9512310028076167,0.1800060272216797,0.0,1.740646362304687,3.4618377685546875,1.9764938703587909,0.04043000878241506,1.0820928363382727,0.0014047090993277553,-23.725536800328598,0.11092281980158578,4.89964337389196,0.10022425447805418,4.704061157087535,0.10026521956686875
146,0.73,1.0,0.9594898242187495,0.19768708984375,0.0,1.563310546875,3.609404296875,1.9244847754298195,0.04044002627077571,1.0792479127275065,0.0014205958569979877,-27.90151988524991,0.1197763619942273,4.770715062414529,0.10024908740124479,4.581658838755452,0.10028999008063323
147,0.735,1.0,0.9668693365478527,0.21608772033691412,0.0,1.3891131591796912,3.7495623779296876,1.8637157785301657,0.040451862884520004,1.0762844696348792,0.0014392968533063694,-32.411523666689334,0.1292893159400784,4.620071330368246,0.10027842985809289,4.43783129075241,0.10031934411766195
148,0.74,1.0,0.973388125,0.23516937500000004,0.0,1.2192187500000038,3.8817187500000006,1.7935151379442598,0.04046581858981109,1.0732079219002189,0.0014607832348220867,-37.25315994055967,0.1394819893316285,4.446046958905224,0.10031302545182727,4.270903138724019,0.10035401505921716
149,0.745,1.0,0.9790707073974615,0.25489065368652347,0.0,1.054835815429688,4.005324096679688,1.7132185719458217,0.04048223232119669,1.0700244443061937,0.0014849401837825087,-42.42141246489132,0.150358200255916,4.246995222170463,0.10035371438662762,4.07921570843457,0.10039482868696335
150,0.75,1.0,0.9839477539062497,0.27520751953125006,0.0,0.8972167968749998,4.119873046874999,1.6221746029529918,0.040501482970453265,1.0667410951257965,0.0015115599930627846,-47.90859384764667,0.16190208402360334,4.021301135232785,0.10040143591892661,3.86113994722067,0.10044270643335958
151,0.755,1.0,0.9880563067626955,0.2960735186767579,0.0,0.7476580810546896,4.224904174804688,1.5197499913607206,0.04052398847380822,1.0633659438132592,0.0015403383618776952,-53.704298267655076,0.1740749676012348,3.76739492432183,0.10045722609467313,3.6150895500517364,0.10049866463973149
152,0.76,1.0,0.9914400000000005,0.31744000000000017,0.0,0.6075000000000004,4.32,1.4053352781712523,0.04055020231060883,1.059908186362149,0.0015708746062652538,-59.79533845025526,0.18681236760707978,3.483765766770856,0.10052220906968284,3.3395343755966485,0.10056380816474905
153,0.765,1.0,0.9941492791748048,0.33925633483886736,0.0,0.4781268310546894,4.404786987304687,1.278350485054327,0.04058060666810079,1.05637822613178,0.0016026760848609654,-66.16564904430925,0.2000211618379114,3.1689759212210493,0.10059758016541807,3.033014325468682,0.10063931635738334
154,0.77,1.0,0.9962416210937506,0.36147013671875017,0.0,0.3609667968749994,4.478935546875002,1.13825106332677,0.04061570151853219,1.0527876931204347,0.0016351666401129767,-72.7961317722586,0.2135769998874672,2.8216754748862916,0.10068457879159785,2.6941539791425333,0.10072641913429355
155,0.775,1.0,0.9977817535400391,0.3840274810791018,0.0,0.2574920654296875,4.542160034179688,0.9845342392533478,0.04065598892114116,1.0491493724342384,0.0016676983653116854,-79.66441183046675,0.22732208094282252,2.440618073281328,0.10078444953149977,2.321678423108931,0.10082636079069829
156,0.78,1.0,0.9988418749999991,0.4068731250000003,0.0,0.16921875000000391,4.59421875,0.8167459684200313,0.04070195203511208,1.0454770150865094,0.0016995656933858957,-86.7444719081933,0.24106355835486382,2.0246781598142483,0.10089839011598041,1.914430871625075,0.10094034939493955
157,0.785,1.0,0.9995018743896485,0.42995072692871117,0.0,0.09770690917969121,4.634913940429689,0.6344887788749585,0.040754028649318604,1.041785013186228,0.001730020841737845,-94.00613210534016,0.25457303437032985,1.5728704185959148,0.10102748580484555,1.4713928234161802,0.10106949038654701
158,0.79,1.0,0.9998495507812494,0.4532030664062503,0.0,0.044560546874999045,4.664091796874999,0.437430838882948,0.04081257954389186,1.0380879382104458,0.0017582901625631318,-101.41435315285003,0.26758785122981366,1.0843722530137545,0.10117263095653745,0.9917075996502484,0.10121470453943444
159,0.795,1.0,0.9999808331298834,0.47657226379394557,0.0,0.011427612304685227,4.681642456054687,0.22531661417743187,0.040877852731578374,1.0343999650444329,0.0017835919202233623,-108.92835829334354,0.27981508542110295,0.5585502046013543,0.10133444038399747,0.47470812302755616,0.10137663290584675
160,0.8,1.0,1.0,0.5000000000000002,0.0,0.0,4.6875,-0.00202053699348248,0.04094994558400454,1.0307342332039422,0.00180515719741345,-116.50059641142434,0.29093918784788303,-0.005008824383565073,0.10151315546730341,-0.08005031443511773,0.10155553465102549
161,0.805,1.0,1.0,0.5234277362060551,0.0,0.0,4.681642456054689,-0.24465266938993935,0.041028767388656115,1.0271022090241222,0.0018222536201736228,-124.08936741259095,0.3006440253308273,-0.6064834545951796,0.10170855133403038,-0.672774354914079,0.10175118569969535
162,0.81,1.0,1.0,0.5467969335937501,0.0,0.0,4.664091796874999,-0.5025711605471255,0.041114007455312816,1.0235131192781797,0.001834211573196339,-131.64774001698606,0.3086301532770596,-1.245852311313728,0.10191985779647278,-1.3034656130426328,0.10196279309055306
163,0.815,1.0,1.0,0.5700492730712887,0.0,0.0,4.63491394042969,-0.7756479442077229,0.04120511903138159,1.0199736851518062,0.0018404769259112255,-139.10805457673268,0.3146217559994756,-1.9227979237903772,0.10214571947844663,-1.971823830813778,0.10218895528938872
164,0.82,1.0,1.0,0.5931268749999999,0.0,0.0,4.594218750000002,-1.0636095125277851,0.04130131623085431,1.0164881420510645,0.0018406646746218422,-146.3937247018439,0.31839277099406726,-2.6366422778327245,0.10238418820230759,-2.677182369022486,0.10242766058799013
165,0.825,1.0,1.0,0.6159725189208982,0.0,0.0,4.542160034179688,-1.3660189132782499,0.04140158909038105,1.0130585876609994,0.0018346105385107234,-153.41933122750925,0.3197858273276604,-3.3863021876409354,0.10263276031230972,-3.418464323367702,0.10267633595267793
166,0.83,1.0,1.0,0.6385298632812498,0.0,0.0,4.478935546875,-1.6822585348792103,0.04150473910617809,1.0096856479717946,0.0018224143008540314,-160.09132938886978,0.31872667869087334,-4.170246620647436,0.10288846476907341,-4.194141393496073,0.10293194993148205
167,0.835,1.0,1.0,0.6607436651611327,0.0,0.0,4.4047869873046865,-2.011515019739777,0.041609433807420604,1.0063693697388354,0.001804464577008859,-166.3094627791761,0.31523178526220325,-4.986459298334711,0.10314799843468064,-5.002198620483597,0.103191162198264
168,0.84,1.0,1.0,0.68256,0.0,0.0,4.32,-2.352767772375703,0.04171427571079678,1.0031101918821594,0.001781436527317076,-171.96891218438032,0.309407900868215,-5.832410208352705,0.10340789700805192,-5.840108275345503,0.10345050429415743
169,0.845,1.0,1.0,0.7039264813232422,0.0,0.0,4.224904174804686,-2.704782505785033,0.041817878347228596,0.9999098222186397,0.0017542588191769492,-176.96312670427142,0.3014439936580459,-6.7050396062613755,0.10366472349191991,-6.704816049336273,0.10370657086555211
170,0.85,1.0,1.0,0.72479248046875,0.0,0.0,4.119873046875,-3.066111077784983,0.041918940691145094,0.9967718601801409,0.0017240525663118657,-181.18720007111915,0.29159707166477455,-7.600757609816845,0.1039152526997998,-7.592742245587788,0.10395619949658019
171,0.855,1.0,1.0,0.7451093463134765,0.0,0.0,4.005324096679689,-3.4350985145899973,0.04201631164458927,0.993702059384762,0.0016920509597311807,-184.5415807136269,0.2801741196670805,-8.515461610119603,0.10415663110931933,-8.499799915818258,0.10419662017534129
172,0.86,1.0,1.0,0.7648306250000001,0.0,0.0,3.8817187500000023,-3.8098976365784853,0.04210903812198431,0.9907082020609924,0.0016595118948768744,-186.93585377086856,0.2675123075903824,-9.44457252826177,0.10438649606228806,-9.421430879403156,0.10442556144866252
173,0.865,1.0,1.0,0.7839122796630856,0.0,0.0,3.7495623779296903,-4.188491150723042,0.042196393190251064,0.9877996382311541,0.0016276360925151618,-188.2923173055351,0.25395914586516094,-10.383089581512289,0.10460304552283929,-10.35265939954881,0.10464130769029362
174,0.87,1.0,1.0,0.8023129101562503,0.0,0.0,3.6094042968749998,-4.5687205301389895,0.04227788387222178,0.9849866039704148,0.0015975003275845736,-188.5490973115484,0.23985372521333498,-11.325661874476806,0.1048050574217577,-11.288162101665405,0.10484270890705738
175,0.875,1.0,1.0,0.8199939727783203,0.0,0.0,3.4618377685546875,-4.9483205380431805,0.04235324091377104,0.9822794604890687,0.0015700107812822695,-187.66260258129478,0.22550984486696068,-12.266673982508024,0.10499186428963628,-12.222351648457488,0.10502914989805719
176,0.88,1.0,1.0,0.8369199999999998,0.0,0.0,3.3075,-5.324957929464048,0.04242239460813602,0.9796879868309377,0.0015458769060410047,-185.60919969648603,0.21120176449823672,-13.20034189158189,0.10516329332640534,-13.149470870307606,0.10520048880752675
177,0.885,1.0,1.0,0.8530588201904298,0.0,0.0,3.1470721435546873,-5.696272709793718,0.04248544154743462,0.9772208224247406,0.0015256028373112145,-182.38607476464676,0.1971533402940447,-14.120815276475392,0.10531958397977449,-14.063693582957804,0.10535697622050773
178,0.89,1.0,1.0,0.8683817773437499,0.0,0.0,2.981279296874998,-6.05992034322027,0.04254260707066592,0.9748851065826168,0.0015094918246868465,-178.0113266087792,0.18353125782679133,-15.022282133656416,0.10546129485543963,-14.95922823955168,0.10549916537871068
179,0.895,1.0,1.0,0.8828639508056644,0.0,0.0,2.8108905029296856,-6.413613457088784,0.04259420747361,0.9726863153414135,0.0014976591848150065,-172.5233944963329,0.17044283823390297,-15.89907216460273,0.10558921003704817,-15.830420826154215,0.10562782243036718
180,0.9,1.0,1.0,0.8964843750000003,0.0,0.0,2.636718750000001,-6.755161834095162,0.04264061503692802,0.9706282621412009,0.0014900502827086555,-165.97995683087356,0.1579385009230344,-16.745755914731976,0.1057042523923621,-16.671853931416766,0.10574384344183786
181,0.905,1.0,1.0,0.9092262591552732,0.0,0.0,2.4596209716796875,-7.082509772264805,0.04268222786372149,0.9687132116502372,0.001486461349480822,-158.45644628843365,0.14601850905787223,-17.557237387183463,0.1058074088018634,-17.478439587959784,0.10584818264359482
182,0.91,1.0,1.0,0.9210772070312504,0.0,0.0,2.2804980468749974,-7.39377017857567,0.04271944556597464,0.966942053981395,0.0014865620454500683,-150.0443168005786,0.13464319748648645,-18.328838559444677,0.10589966988648948,-18.245504182807625,0.10594179436169951
183,0.915,1.0,1.0,0.932029436645508,0.0,0.0,2.1002947998046886,-7.687255014349979,0.042752651088780194,0.9653144948494595,0.0014899193441518,-140.84917574985047,0.12374557019024768,-19.056374856169104,0.10598198495066996,-18.968864377649698,0.10602558945809681
184,0.92,1.0,1.0,0.9420800000000006,0.0,0.0,1.919999999999997,-7.961501912321831,0.04278219843271237,0.9638292304271115,0.0014960225402144817,-130.98886780183602,0.11324497013645941,-19.736221131743076,0.1060552315466167,-19.644893511597726,0.10610040591000101
185,0.925,1.0,1.0,0.9512310028076176,0.0,0.0,1.740646362304688,-8.215296932654221,0.04280840570305283,0.9624840892768235,0.0015043091028558943,-120.5915705531661,0.10306050278942981,-20.365368081474134,0.10612019824365386,-20.270578358234545,0.10616699235818856
186,0.93,1.0,1.0,0.9594898242187498,0.0,0.0,1.5633105468749955,-8.44769352348683,0.042831552732224436,0.9612761349653943,0.0015141908739091433,-109.79394020245127,0.09312301984815606,-20.94146924397426,0.10617757873433323,-20.84356638097061,0.10622600296061241
187,0.935,1.0,1.0,0.9668693365478512,0.0,0.0,1.389113159179686,-8.658027811463976,0.04285188243728563,0.9602017306541256,0.0015250798793558925,-98.73932945323759,0.08338471782261653,-21.46287890572162,0.10622797519960442,-21.36220379907646,0.1062780016056583
188,0.94,1.0,1.0,0.973388125,0.0,0.0,1.2192187500000038,-8.845930381624441,0.04286960504717447,0.959256571154406,0.0015364128616409413,-87.57609009381122,0.07382573923626808,-21.928681302901264,0.10627190878797126,-21.82556487208346,0.10632347339242716
189,0.945,1.0,1.0,0.9790707073974615,0.0,0.0,1.054835815429688,-9.011334726071407,0.042884904340948264,0.9584356893760987,0.0015476735707544373,-76.45596852381277,0.06445752437506075,-22.338711565294844,0.10630983507981977,-22.23347286405756,0.10636284123031123
190,0.95,1.0,1.0,0.9839477539062497,0.0,0.0,0.8972167968749998,-9.154482557203579,0.04289794507125842,0.9577334437335318,0.0015584118728435865,-65.53260283558484,0.055323011259472574,-22.693568887552278,0.10634216248989327,-22.586513189245156,0.10639648543682836
191,0.955,1.0,1.0,0.9880563067626955,0.0,0.0,0.7476580810546896,-9.275926201877459,0.04290888081122369,0.957143491811015,0.001568258839568346,-54.96013371695426,0.046494081442864856,-22.994622464217127,0.10636927171935406,-22.886039288624573,0.10642476433615264
192,0.96,1.0,1.0,0.9914400000000005,0.0,0.0,0.6075000000000004,-9.376528323263168,0.04291786156475145,0.9566587541115131,0.0015769371687325286,-44.89194733653403,0.03806688282358747,-23.244010800219144,0.10639153462144284,-23.134171858566173,0.10644803410046225
193,0.965,1.0,1.0,0.9941492791748048,0.0,0.0,0.4781268310546894,-9.457459260926093,0.04292504062277424,0.9562713704487452,0.0015842665575901047,-35.47957561143903,0.030155815112321058,-23.444635117050964,0.10640933119779435,-23.333792158100373,0.10646666643918862
194,0.97,1.0,1.0,0.9962416210937506,0.0,0.0,0.3609667968749994,-9.520192338808634,0.042930580323213036,0.9559726506922851,0.00159016399608264,-26.87178717533834,0.022887019979298845,-23.600147721456484,0.106423063877139,-23.488530265696912,0.10648106320715868
195,0.975,1.0,1.0,0.9977817535400391,0.0,0.0,0.2574920654296875,-9.566497566199827,0.04293465656254593,0.9557530211581343,0.0015946393422345956,-19.213910516047463,0.01639218369187071,-23.714936390405217,0.10643316869928761,-23.602749342273682,0.1064916675214807
196,0.98,1.0,1.0,0.9988418749999991,0.0,0.0,0.16921875000000391,-9.598434248616613,0.04293746208629928,0.9556019678721578,0.0015977869434399927,-12.647438850908657,0.010803330232181649,-23.79410605378449,0.1064401234721177,-23.681527184554263,0.10649897147759503
197,0.985,1.0,1.0,0.9995018743896485,0.0,0.0,0.09770690917969121,-9.61834313349066,0.04293920872846873,0.9555079780951014,0.0015997744263312975,-7.309974189149898,0.006249091514615596,-23.843459323894553,0.10644445332300186,-23.730636620844905,0.10650352096223273
198,0.99,1.0,1.0,0.9998495507812494,0.0,0.0,0.044560546874999045,-9.62883883910785,0.04294012885677597,0.9554584817692396,0.0016008300532981022,-3.335575577846555,0.0028527142068788766,-23.869477727114923,0.10644673428153724,-23.756526608138003,0.10650591831869341
199,0.995,1.0,1.0,0.9999808331298834,0.0,0.0,0.011427612304685227,-9.632803453593775,0.042940476303844205,0.9554397948452503,0.001601230215665067,-0.8555836346824748,0.0007318483526322581,-23.87930583606447,0.10644759558788945,-23.766306232997998,0.10650682370285072
200,1.0,1.0,1.0,1.0,0.0,0.0,0.0,-9.633382342864124,0.04294052703056684,0.9554370667353916,0.0016012887098656751,0.0,1.6463612699567982e-10,-23.880740877690563,0.10644772133725511,-23.76773419633742,0.10650695589325068
